{
    "name": "root",
    "gauges": {
        "Enemy.Policy.Entropy.mean": {
            "value": 1.5107338428497314,
            "min": 1.4264001846313477,
            "max": 1.5115352869033813,
            "count": 16
        },
        "Enemy.Policy.Entropy.sum": {
            "value": 45346.1875,
            "min": 43439.26953125,
            "max": 45708.828125,
            "count": 16
        },
        "Enemy.Environment.EpisodeLength.mean": {
            "value": 104.55673758865248,
            "min": 86.98502994011976,
            "max": 507.01724137931035,
            "count": 16
        },
        "Enemy.Environment.EpisodeLength.sum": {
            "value": 29485.0,
            "min": 26120.0,
            "max": 34763.0,
            "count": 16
        },
        "Enemy.Step.mean": {
            "value": 479907.0,
            "min": 29966.0,
            "max": 479907.0,
            "count": 16
        },
        "Enemy.Step.sum": {
            "value": 479907.0,
            "min": 29966.0,
            "max": 479907.0,
            "count": 16
        },
        "Enemy.Policy.ExtrinsicValueEstimate.mean": {
            "value": 40.738014221191406,
            "min": -2.999375820159912,
            "max": 41.58233642578125,
            "count": 16
        },
        "Enemy.Policy.ExtrinsicValueEstimate.sum": {
            "value": 13728.7109375,
            "min": -1217.74658203125,
            "max": 14304.3232421875,
            "count": 16
        },
        "Enemy.Policy.CuriosityValueEstimate.mean": {
            "value": 0.3029346466064453,
            "min": 0.16157834231853485,
            "max": 3.0107638835906982,
            "count": 16
        },
        "Enemy.Policy.CuriosityValueEstimate.sum": {
            "value": 102.08897399902344,
            "min": 55.90610885620117,
            "max": 1222.3701171875,
            "count": 16
        },
        "Enemy.Environment.CumulativeReward.mean": {
            "value": 74.73498233215548,
            "min": -4.397321428571429,
            "max": 74.73498233215548,
            "count": 16
        },
        "Enemy.Environment.CumulativeReward.sum": {
            "value": 21150.0,
            "min": -1380.0,
            "max": 21370.0,
            "count": 16
        },
        "Enemy.Policy.ExtrinsicReward.mean": {
            "value": 74.73498233215548,
            "min": -4.397321428571429,
            "max": 74.73498233215548,
            "count": 16
        },
        "Enemy.Policy.ExtrinsicReward.sum": {
            "value": 21150.0,
            "min": -1380.0,
            "max": 21370.0,
            "count": 16
        },
        "Enemy.Policy.CuriosityReward.mean": {
            "value": 0.1714512952685672,
            "min": 0.1386590178557475,
            "max": 4.726160869084847,
            "count": 16
        },
        "Enemy.Policy.CuriosityReward.sum": {
            "value": 48.52071656100452,
            "min": 36.632604954531416,
            "max": 1573.811569405254,
            "count": 16
        },
        "Enemy.Losses.PolicyLoss.mean": {
            "value": 0.0688588093964289,
            "min": 0.06335987822824915,
            "max": 0.06996524566364656,
            "count": 16
        },
        "Enemy.Losses.PolicyLoss.sum": {
            "value": 0.9640233315500046,
            "min": 0.8870382951954882,
            "max": 1.0477607101766968,
            "count": 16
        },
        "Enemy.Losses.ValueLoss.mean": {
            "value": 10.74524599121732,
            "min": 0.2969232844883388,
            "max": 12.718416429701307,
            "count": 16
        },
        "Enemy.Losses.ValueLoss.sum": {
            "value": 150.4334438770425,
            "min": 4.156925982836744,
            "max": 178.0578300158183,
            "count": 16
        },
        "Enemy.Policy.LearningRate.mean": {
            "value": 2.0589521708285712e-05,
            "min": 2.0589521708285712e-05,
            "max": 0.00029049188888365714,
            "count": 16
        },
        "Enemy.Policy.LearningRate.sum": {
            "value": 0.000288253303916,
            "min": 0.000288253303916,
            "max": 0.0040668864443712,
            "count": 16
        },
        "Enemy.Policy.Epsilon.mean": {
            "value": 0.10686314285714286,
            "min": 0.10686314285714286,
            "max": 0.1968306285714286,
            "count": 16
        },
        "Enemy.Policy.Epsilon.sum": {
            "value": 1.4960840000000002,
            "min": 1.4960840000000002,
            "max": 2.7556288000000007,
            "count": 16
        },
        "Enemy.Policy.Beta.mean": {
            "value": 0.0006956279714285715,
            "min": 0.0006956279714285715,
            "max": 0.009683379794285714,
            "count": 16
        },
        "Enemy.Policy.Beta.sum": {
            "value": 0.009738791600000001,
            "min": 0.009738791600000001,
            "max": 0.13556731712,
            "count": 16
        },
        "Enemy.Losses.CuriosityForwardLoss.mean": {
            "value": 0.06589310067667983,
            "min": 0.05452212334055511,
            "max": 16.580305245991912,
            "count": 16
        },
        "Enemy.Losses.CuriosityForwardLoss.sum": {
            "value": 0.9225034094735176,
            "min": 0.7633097267677715,
            "max": 232.12427344388675,
            "count": 16
        },
        "Enemy.Losses.CuriosityInverseLoss.mean": {
            "value": 0.3392257776009623,
            "min": 0.16957374870893216,
            "max": 2.1412835396116687,
            "count": 16
        },
        "Enemy.Losses.CuriosityInverseLoss.sum": {
            "value": 4.749160886413472,
            "min": 2.3740324819250502,
            "max": 29.977969554563362,
            "count": 16
        },
        "Enemy.IsTraining.mean": {
            "value": 1.0,
            "min": 1.0,
            "max": 1.0,
            "count": 16
        },
        "Enemy.IsTraining.sum": {
            "value": 1.0,
            "min": 1.0,
            "max": 1.0,
            "count": 16
        }
    },
    "metadata": {
        "timer_format_version": "0.1.0",
        "start_time_seconds": "1653263554",
        "python_version": "3.10.0 (tags/v3.10.0:b494f59, Oct  4 2021, 19:00:18) [MSC v.1929 64 bit (AMD64)]",
        "command_line_arguments": "C:\\Users\\vnkuk\\Desktop\\unity\\forest-dungeon\\venv\\Scripts\\mlagents-learn CURIOSITY.txt --run-id head_2305_1",
        "mlagents_version": "0.27.0",
        "mlagents_envs_version": "0.27.0",
        "communication_protocol_version": "1.5.0",
        "pytorch_version": "1.11.0+cu115",
        "numpy_version": "1.22.3",
        "end_time_seconds": "1653265730"
    },
    "total": 2176.070560900029,
    "count": 1,
    "self": 0.007714699953794479,
    "children": {
        "run_training.setup": {
            "total": 0.07571580004878342,
            "count": 1,
            "self": 0.07571580004878342
        },
        "TrainerController.start_learning": {
            "total": 2175.987130400026,
            "count": 1,
            "self": 0.4370779993478209,
            "children": {
                "TrainerController._reset_env": {
                    "total": 6.867549499962479,
                    "count": 1,
                    "self": 6.867549499962479
                },
                "TrainerController.advance": {
                    "total": 2168.5823329007253,
                    "count": 18787,
                    "self": 0.19622330414131284,
                    "children": {
                        "env_step": {
                            "total": 2168.386109596584,
                            "count": 18787,
                            "self": 2125.859886713559,
                            "children": {
                                "SubprocessEnvManager._take_step": {
                                    "total": 42.30645778449252,
                                    "count": 18787,